# DDL,,,
# DML,,,
humidity,distance,temperature,timestamp
23,3.196000099,46.09999847,2024-05-01T14:58:54Z
21,3.196000099,46.40000153,2024-05-01T15:08:14Z
20,3.196000099,46.59999847,2024-05-01T15:07:29Z
50,3.688999891,35.09999847,2024-05-01T14:21:34Z
21,3.196000099,46.20000076,2024-05-01T15:04:12Z
45,4.267000198,37.09999847,2024-05-01T15:28:41Z
40,3.74000001,38.5,2024-05-01T15:16:07Z
40,4.21600008,38.5,2024-05-01T15:16:02Z
51,4.572999954,34.90000153,2024-05-01T14:20:48Z
51,3.280999899,34.90000153,2024-05-01T14:20:26Z
51,3.280999899,35.29999924,2024-05-01T14:52:27Z
51,4.572999954,34.90000153,2024-05-01T14:20:39Z
50,3.263999939,35,2024-05-01T14:47:25Z
50,4.572999954,35.09999847,2024-05-01T14:26:18Z
50,3.263999939,35,2024-05-01T14:27:23Z
20,3.196000099,46.90000153,2024-05-01T15:02:22Z
50,4.097000122,35.09999847,2024-05-01T14:21:29Z
50,3.263999939,35.09999847,2024-05-01T14:25:32Z
45,4.267000198,37.79999924,2024-05-01T15:32:33Z
45,4.267000198,37.79999924,2024-05-01T15:32:48Z
42,3.74000001,37.90000153,2024-05-01T15:20:03Z
49,3.280999899,35.40000153,2024-05-01T14:50:26Z
43,4.21600008,37.5,2024-05-01T15:21:39Z
44,4.28399992,37.29999924,2024-05-01T15:27:51Z
44,4.267000198,37.5,2024-05-01T15:31:53Z
50,3.263999939,35.40000153,2024-05-01T14:49:31Z
43,4.267000198,38.20000076,2024-05-01T15:33:53Z
50,4.572999954,35,2024-05-01T14:21:10Z
50,3.280999899,35.20000076,2024-05-01T14:45:40Z
51,3.213000059,34.90000153,2024-05-01T14:20:34Z
23,3.196000099,46.09999847,2024-05-01T14:58:59Z
50,4.572999954,35,2024-05-01T14:21:20Z
51,3.280999899,34.90000153,2024-05-01T14:23:11Z
50,3.263999939,35.40000153,2024-05-01T14:42:46Z
50,3.263999939,35.29999924,2024-05-01T14:41:46Z
40,3.74000001,38.79999924,2024-05-01T15:17:02Z
21,3.196000099,46.29999924,2024-05-01T15:04:22Z
44,4.267000198,37.5,2024-05-01T15:31:38Z
43,3.74000001,37.70000076,2024-05-01T15:21:04Z
44,4.267000198,37.20000076,2024-05-01T15:29:12Z
51,3.280999899,34.90000153,2024-05-01T14:20:45Z
50,3.263999939,35.40000153,2024-05-01T14:50:41Z
22,3.196000099,46.29999924,2024-05-01T14:59:14Z
49,3.263999939,35.40000153,2024-05-01T14:44:35Z
50,3.263999939,35.40000153,2024-05-01T14:50:46Z
43,4.267000198,38.09999847,2024-05-01T15:33:38Z
49,3.280999899,35.40000153,2024-05-01T14:45:00Z
50,3.280999899,35.40000153,2024-05-01T14:49:26Z
20,3.196000099,47.40000153,2024-05-01T15:05:18Z
27,3.196000099,43.20000076,2024-05-01T15:13:11Z
51,4.572999954,34.90000153,2024-05-01T14:24:12Z
44,4.21600008,37.40000153,2024-05-01T15:23:09Z
19,3.196000099,47.29999924,2024-05-01T15:06:23Z
51,3.280999899,34.90000153,2024-05-01T14:20:14Z
42,3.790999889,38.20000076,2024-05-01T15:34:59Z
43,4.267000198,38.20000076,2024-05-01T15:33:48Z
50,4.572999954,35.09999847,2024-05-01T14:21:31Z
50,3.263999939,35.09999847,2024-05-01T14:27:03Z
23,3.196000099,45.59999847,2024-05-01T14:57:14Z
44,4.21600008,37.40000153,2024-05-01T15:25:10Z
42,3.74000001,38,2024-05-01T15:19:53Z
44,3.74000001,37.40000153,2024-05-01T15:24:45Z
49,3.263999939,35.40000153,2024-05-01T14:50:36Z
50,3.280999899,35.09999847,2024-05-01T14:46:25Z
41,3.74000001,38.59999847,2024-05-01T15:16:37Z
51,3.280999899,34.90000153,2024-05-01T14:24:07Z
51,3.263999939,34.90000153,2024-05-01T14:20:38Z
42,4.21600008,38.20000076,2024-05-01T15:34:54Z
37,3.74000001,39.29999924,2024-05-01T15:14:51Z
40,4.097000122,40.40000153,2024-05-01T14:53:47Z
50,4.572999954,35.09999847,2024-05-01T14:25:27Z
44,3.74000001,37.29999924,2024-05-01T15:25:50Z
44,3.74000001,37.29999924,2024-05-01T15:25:55Z
26,3.213000059,43.40000153,2024-05-01T15:13:06Z
38,4.097000122,40.79999924,2024-05-01T14:53:52Z
36,4.267000198,39.79999924,2024-05-01T15:14:36Z
50,3.263999939,35.40000153,2024-05-01T14:43:02Z
22,3.196000099,45.70000076,2024-05-01T15:03:17Z
51,3.094000101,35,2024-05-01T14:52:02Z
23,3.213000059,45.59999847,2024-05-01T14:56:49Z
51,3.688999891,34.90000153,2024-05-01T14:20:50Z
32,3.434000015,41.09999847,2024-05-01T15:14:06Z
20,3.196000099,46.79999924,2024-05-01T15:02:02Z
23,3.213000059,45.70000076,2024-05-01T14:58:19Z
50,3.808000088,35.29999924,2024-05-01T14:51:01Z
42,3.74000001,38,2024-05-01T15:19:48Z
50,3.263999939,35.40000153,2024-05-01T14:42:31Z
51,4.572999954,34.90000153,2024-05-01T14:23:27Z
51,4.572999954,34.90000153,2024-05-01T14:20:40Z
19,3.196000099,47.20000076,2024-05-01T15:06:33Z
25,3.213000059,44.29999924,2024-05-01T15:12:41Z
20,3.196000099,46.70000076,2024-05-01T15:07:03Z
50,3.280999899,35.09999847,2024-05-01T14:47:35Z
23,3.213000059,45.59999847,2024-05-01T14:57:04Z
50,3.280999899,35.09999847,2024-05-01T14:27:18Z
44,4.267000198,37.20000076,2024-05-01T15:29:47Z
44,4.267000198,37.5,2024-05-01T15:31:48Z
51,3.280999899,34.90000153,2024-05-01T14:20:46Z
49,3.280999899,35.40000153,2024-05-01T14:44:45Z
50,3.280999899,35.40000153,2024-05-01T14:42:52Z
21,3.196000099,46.29999924,2024-05-01T15:08:24Z
49,3.263999939,35.40000153,2024-05-01T14:44:40Z
50,3.280999899,35,2024-05-01T14:21:14Z
43,3.790999889,38.20000076,2024-05-01T15:34:14Z
50,3.263999939,35.29999924,2024-05-01T14:48:05Z
44,4.21600008,37.40000153,2024-05-01T15:21:59Z
51,4.572999954,34.90000153,2024-05-01T14:20:57Z
44,4.267000198,37.40000153,2024-05-01T15:27:11Z
20,3.196000099,46.79999924,2024-05-01T15:02:32Z
24,3.196000099,44.40000153,2024-05-01T15:11:00Z
50,3.280999899,35.20000076,2024-05-01T14:21:38Z
50,3.280999899,35,2024-05-01T14:21:03Z
51,4.572999954,34.90000153,2024-05-01T14:20:19Z
23,3.196000099,45.20000076,2024-05-01T15:09:44Z
28,3.213000059,44.20000076,2024-05-01T14:55:13Z
42,3.74000001,37.90000153,2024-05-01T15:20:13Z
51,4.572999954,34.90000153,2024-05-01T14:20:30Z
50,3.280999899,35.20000076,2024-05-01T14:41:06Z
50,3.263999939,35.09999847,2024-05-01T14:46:45Z
37,3.74000001,39.20000076,2024-05-01T15:14:56Z
42,3.74000001,38.20000076,2024-05-01T15:19:13Z
50,4.572999954,35.09999847,2024-05-01T14:21:26Z
50,3.263999939,35,2024-05-01T14:47:30Z
49,3.263999939,35.40000153,2024-05-01T14:45:10Z
43,4.21600008,37.70000076,2024-05-01T15:20:59Z
49,3.280999899,35.29999924,2024-05-01T14:45:20Z
44,4.21600008,37.40000153,2024-05-01T15:22:59Z
19,3.196000099,46.70000076,2024-05-01T15:06:58Z
50,3.280999899,35.09999847,2024-05-01T14:26:08Z
44,4.267000198,37.20000076,2024-05-01T15:29:17Z
44,4.267000198,37.20000076,2024-05-01T15:29:42Z
20,3.604000092,47.20000076,2024-05-01T15:05:08Z
44,3.808000088,37.40000153,2024-05-01T15:27:31Z
44,4.21600008,37.29999924,2024-05-01T15:25:30Z
23,3.196000099,45.09999847,2024-05-01T15:10:00Z
19,3.196000099,47,2024-05-01T15:06:43Z
34,3.450999975,40.40000153,2024-05-01T15:14:21Z
43,3.74000001,37.70000076,2024-05-01T15:21:09Z
44,4.267000198,37.09999847,2024-05-01T15:28:21Z
23,3.196000099,45.70000076,2024-05-01T14:57:49Z
50,3.280999899,35.09999847,2024-05-01T14:21:27Z
23,4.097000122,45.59999847,2024-05-01T14:56:39Z
44,4.267000198,37.09999847,2024-05-01T15:28:26Z
41,3.74000001,38.79999924,2024-05-01T15:17:37Z
24,3.196000099,44.5,2024-05-01T15:10:55Z
42,3.671999931,38.09999847,2024-05-01T15:19:28Z
42,3.74000001,38.09999847,2024-05-01T15:19:33Z
27,3.213000059,44.59999847,2024-05-01T14:55:28Z
40,3.74000001,39,2024-05-01T15:15:17Z
44,4.21600008,37.40000153,2024-05-01T15:25:15Z
28,4.097000122,44.09999847,2024-05-01T14:55:03Z
46,3.688999891,37.5,2024-05-01T14:53:07Z
44,4.267000198,37.20000076,2024-05-01T15:27:56Z
44,3.74000001,37.40000153,2024-05-01T15:23:14Z
50,3.280999899,35.20000076,2024-05-01T14:35:13Z
20,3.196000099,47.29999924,2024-05-01T15:05:13Z
51,4.572999954,34.90000153,2024-05-01T14:20:59Z
43,4.267000198,38,2024-05-01T15:35:29Z
25,3.213000059,45.59999847,2024-05-01T14:56:03Z
44,4.267000198,37.90000153,2024-05-01T15:33:03Z
21,3.213000059,46,2024-05-01T15:08:34Z
50,3.688999891,35.40000153,2024-05-01T14:42:41Z
49,3.280999899,35.40000153,2024-05-01T14:50:11Z
51,3.74000001,35,2024-05-01T14:51:57Z
40,4.21600008,38.59999847,2024-05-01T15:15:57Z
50,3.263999939,35.29999924,2024-05-01T14:50:56Z
51,3.280999899,34.90000153,2024-05-01T14:20:18Z
23,3.213000059,45.59999847,2024-05-01T14:57:09Z
50,3.263999939,35.20000076,2024-05-01T14:51:11Z
44,3.74000001,37.29999924,2024-05-01T15:25:45Z
44,4.386000156,37.40000153,2024-05-01T15:26:36Z
25,3.213000059,44.40000153,2024-05-01T15:12:30Z
19,3.196000099,46.79999924,2024-05-01T15:06:53Z
41,4.21600008,38.59999847,2024-05-01T15:16:32Z
49,3.280999899,35.29999924,2024-05-01T14:45:15Z
44,4.21600008,37.40000153,2024-05-01T15:23:55Z
44,4.267000198,38,2024-05-01T15:33:08Z
25,3.213000059,44.20000076,2024-05-01T15:11:15Z
40,4.21600008,39,2024-05-01T15:15:27Z
40,4.21600008,38.79999924,2024-05-01T15:16:57Z
23,3.196000099,45,2024-05-01T15:10:15Z
51,4.572999954,34.90000153,2024-05-01T14:24:17Z
44,4.267000198,37.20000076,2024-05-01T15:28:01Z
20,3.196000099,46.5,2024-05-01T15:02:47Z
21,3.196000099,45.70000076,2024-05-01T15:08:49Z
44,4.267000198,37.40000153,2024-05-01T15:27:21Z
28,3.213000059,44.29999924,2024-05-01T14:55:18Z
23,3.196000099,45.70000076,2024-05-01T14:58:09Z
50,3.263999939,35.29999924,2024-05-01T14:50:51Z
23,3.196000099,45.20000076,2024-05-01T15:09:55Z
50,3.263999939,35.09999847,2024-05-01T14:25:52Z
23,3.196000099,45,2024-05-01T15:10:20Z
44,3.74000001,37.40000153,2024-05-01T15:24:10Z
51,4.572999954,34.90000153,2024-05-01T14:20:55Z
23,3.213000059,45.59999847,2024-05-01T14:56:59Z
26,3.213000059,44.40000153,2024-05-01T15:12:20Z
44,4.267000198,37.40000153,2024-05-01T15:26:56Z
44,4.267000198,37.40000153,2024-05-01T15:31:22Z
42,4.267000198,38.20000076,2024-05-01T15:34:44Z
37,4.097000122,41.09999847,2024-05-01T14:53:58Z
50,3.688999891,35.20000076,2024-05-01T14:47:55Z
23,3.213000059,45,2024-05-01T15:10:10Z
51,4.572999954,35,2024-05-01T14:20:09Z
20,3.196000099,46.40000153,2024-05-01T15:07:49Z
42,4.267000198,38.20000076,2024-05-01T15:34:49Z
50,3.263999939,35.40000153,2024-05-01T14:42:36Z
45,4.267000198,37.70000076,2024-05-01T15:32:23Z
22,3.196000099,46.29999924,2024-05-01T14:59:35Z
49,3.263999939,35.40000153,2024-05-01T14:43:50Z
48,3.161999941,36.59999847,2024-05-01T14:52:52Z
22,3.196000099,46.20000076,2024-05-01T14:59:09Z
50,3.263999939,35.29999924,2024-05-01T14:48:15Z
50,3.280999899,35.09999847,2024-05-01T14:26:48Z
50,3.280999899,34.90000153,2024-05-01T14:40:41Z
23,3.196000099,45.20000076,2024-05-01T15:09:24Z
23,3.196000099,45.20000076,2024-05-01T15:09:34Z
42,4.267000198,38.09999847,2024-05-01T15:35:09Z
21,3.196000099,46,2024-05-01T15:03:47Z
51,3.280999899,34.90000153,2024-05-01T14:20:24Z
46,4.097000122,37.20000076,2024-05-01T14:53:02Z
51,3.688999891,35,2024-05-01T14:52:07Z
50,3.280999899,35.09999847,2024-05-01T14:21:32Z
50,3.280999899,35.20000076,2024-05-01T14:47:50Z
27,3.213000059,44.90000153,2024-05-01T14:55:38Z
41,3.74000001,38.79999924,2024-05-01T15:17:17Z
28,3.977999926,42.79999924,2024-05-01T15:13:21Z
18,3.196000099,47.40000153,2024-05-01T15:05:53Z
50,3.280999899,35,2024-05-01T14:21:07Z
19,3.196000099,47.29999924,2024-05-01T15:06:18Z
50,4.572999954,35.09999847,2024-05-01T14:24:57Z
44,4.267000198,37.29999924,2024-05-01T15:30:17Z
50,3.280999899,35.20000076,2024-05-01T14:48:00Z
42,4.267000198,38,2024-05-01T15:35:24Z
40,3.74000001,38.59999847,2024-05-01T15:15:52Z
42,4.267000198,38.09999847,2024-05-01T15:35:19Z
50,3.280999899,35.09999847,2024-05-01T14:24:52Z
40,3.74000001,38.79999924,2024-05-01T15:17:42Z
21,3.196000099,46.09999847,2024-05-01T15:04:02Z
20,3.196000099,46.70000076,2024-05-01T15:07:09Z
50,4.572999954,35.09999847,2024-05-01T14:26:03Z
50,3.280999899,35.40000153,2024-05-01T14:48:51Z
43,4.097000122,38.5,2024-05-01T14:53:22Z
50,3.688999891,35.09999847,2024-05-01T14:21:25Z
41,3.74000001,38.5,2024-05-01T15:18:43Z
23,3.196000099,45.70000076,2024-05-01T14:57:39Z
45,4.267000198,37.70000076,2024-05-01T15:32:28Z
23,4.079999924,45.90000153,2024-05-01T14:58:44Z
21,3.196000099,45.90000153,2024-05-01T15:08:39Z
28,3.502000093,42.40000153,2024-05-01T15:13:31Z
22,3.196000099,45.79999924,2024-05-01T15:03:32Z
51,3.280999899,34.90000153,2024-05-01T14:20:54Z
44,4.267000198,37.20000076,2024-05-01T15:29:02Z
45,4.267000198,37.09999847,2024-05-01T15:28:47Z
22,3.196000099,45.90000153,2024-05-01T15:03:37Z
50,4.572999954,35,2024-05-01T14:21:06Z
44,4.21600008,37.29999924,2024-05-01T15:26:00Z
50,3.280999899,35,2024-05-01T14:24:32Z
50,3.263999939,35.40000153,2024-05-01T14:49:01Z
21,3.196000099,46,2024-05-01T15:03:52Z
49,3.280999899,35.5,2024-05-01T14:49:56Z
43,4.267000198,38.09999847,2024-05-01T15:33:33Z
44,3.74000001,37.29999924,2024-05-01T15:25:35Z
18,3.196000099,47.5,2024-05-01T15:05:43Z
44,4.267000198,37.20000076,2024-05-01T15:29:32Z
44,4.267000198,37.40000153,2024-05-01T15:26:26Z
50,3.263999939,35.29999924,2024-05-01T14:42:16Z
34,3.213000059,42.70000076,2024-05-01T14:54:23Z
50,4.572999954,35.09999847,2024-05-01T14:23:01Z
22,3.196000099,45.20000076,2024-05-01T15:09:19Z
50,3.280999899,35.09999847,2024-05-01T14:46:15Z
51,4.572999954,34.90000153,2024-05-01T14:23:32Z
50,3.688999891,35.40000153,2024-05-01T14:49:06Z
35,3.790999889,40,2024-05-01T15:14:31Z
41,4.21600008,38.59999847,2024-05-01T15:18:38Z
44,4.267000198,37.59999847,2024-05-01T15:32:03Z
35,4.097000122,42.40000153,2024-05-01T14:54:18Z
25,3.213000059,44.20000076,2024-05-01T15:11:50Z
22,3.196000099,46.29999924,2024-05-01T14:59:50Z
51,4.572999954,34.90000153,2024-05-01T14:23:22Z
51,4.572999954,34.90000153,2024-05-01T14:20:49Z
50,3.280999899,35,2024-05-01T14:21:12Z
50,4.572999954,35.09999847,2024-05-01T14:27:08Z
21,3.213000059,46.5,2024-05-01T15:04:38Z
50,3.263999939,35.29999924,2024-05-01T14:42:01Z
44,3.74000001,37.40000153,2024-05-01T15:22:49Z
31,3.450999975,41.5,2024-05-01T15:13:56Z
38,3.74000001,39.09999847,2024-05-01T15:15:01Z
49,3.144999981,36.29999924,2024-05-01T14:52:47Z
19,3.196000099,47.20000076,2024-05-01T15:06:28Z
43,4.21600008,37.5,2024-05-01T15:21:54Z
50,3.263999939,35.20000076,2024-05-01T14:41:16Z
50,3.263999939,35,2024-05-01T14:21:11Z
44,4.267000198,37.09999847,2024-05-01T15:28:16Z
33,3.910000086,40.90000153,2024-05-01T15:14:11Z
49,3.280999899,35.40000153,2024-05-01T14:43:55Z
50,3.280999899,35.29999924,2024-05-01T14:42:06Z
50,3.280999899,35.29999924,2024-05-01T14:42:21Z
50,3.263999939,35.09999847,2024-05-01T14:27:13Z
23,3.213000059,45.79999924,2024-05-01T14:58:34Z
51,4.572999954,34.90000153,2024-05-01T14:20:13Z
44,4.267000198,37.40000153,2024-05-01T15:30:37Z
44,4.267000198,37.20000076,2024-05-01T15:28:11Z
49,3.263999939,35.40000153,2024-05-01T14:44:50Z
42,3.74000001,37.59999847,2024-05-01T15:21:24Z
25,3.196000099,44.09999847,2024-05-01T15:11:45Z
44,3.74000001,37.29999924,2024-05-01T15:26:06Z
25,3.196000099,45.5,2024-05-01T14:55:58Z
41,3.74000001,38.29999924,2024-05-01T15:19:03Z
50,3.280999899,35,2024-05-01T14:24:47Z
44,4.267000198,37.40000153,2024-05-01T15:31:02Z
50,3.280999899,35,2024-05-01T14:21:15Z
30,3.213000059,43.70000076,2024-05-01T14:54:43Z
50,3.094000101,35.09999847,2024-05-01T14:51:37Z
51,3.263999939,34.90000153,2024-05-01T14:20:20Z
45,4.267000198,37.90000153,2024-05-01T15:32:58Z
22,3.213000059,46.29999924,2024-05-01T14:59:40Z
50,3.280999899,35.09999847,2024-05-01T14:47:45Z
21,3.213000059,45.59999847,2024-05-01T15:08:54Z
23,3.213000059,44.90000153,2024-05-01T15:10:30Z
50,3.263999939,34.90000153,2024-05-01T14:24:27Z
43,3.74000001,37.70000076,2024-05-01T15:20:33Z
19,3.196000099,47.29999924,2024-05-01T15:06:08Z
44,3.74000001,37.29999924,2024-05-01T15:25:25Z
45,4.267000198,37.09999847,2024-05-01T15:28:36Z
49,3.280999899,35.5,2024-05-01T14:49:46Z
50,3.280999899,35.09999847,2024-05-01T14:25:22Z
21,3.213000059,45.79999924,2024-05-01T15:08:44Z
26,3.213000059,45.40000153,2024-05-01T14:55:53Z
44,3.790999889,37.40000153,2024-05-01T15:27:16Z
50,3.263999939,35.09999847,2024-05-01T14:26:38Z
51,3.280999899,34.90000153,2024-05-01T14:20:22Z
50,3.263999939,35,2024-05-01T14:21:08Z
42,3.74000001,38.09999847,2024-05-01T15:19:23Z
50,3.263999939,35.09999847,2024-05-01T14:46:40Z
49,3.263999939,35.5,2024-05-01T14:50:06Z
40,4.21600008,39,2024-05-01T15:15:22Z
50,3.280999899,35.40000153,2024-05-01T14:49:21Z
20,3.196000099,46.59999847,2024-05-01T15:07:24Z
51,3.263999939,35,2024-05-01T14:20:10Z
50,4.097000122,35.09999847,2024-05-01T14:21:36Z
44,4.21600008,37.40000153,2024-05-01T15:22:24Z
51,4.572999954,34.90000153,2024-05-01T14:20:37Z
31,3.434000015,41.70000076,2024-05-01T15:13:51Z
50,3.263999939,35,2024-05-01T14:24:42Z
40,3.74000001,38.90000153,2024-05-01T15:15:32Z
44,4.267000198,37.29999924,2024-05-01T15:30:02Z
41,3.74000001,38.70000076,2024-05-01T15:18:13Z
41,4.21600008,38.5,2024-05-01T15:18:48Z
44,4.21600008,37.40000153,2024-05-01T15:23:04Z
25,3.213000059,44.20000076,2024-05-01T15:11:55Z
40,3.621000051,38.79999924,2024-05-01T15:17:47Z
50,3.280999899,35.40000153,2024-05-01T14:48:30Z
29,4.556000233,42.29999924,2024-05-01T15:13:36Z
47,3.977999926,36.90000153,2024-05-01T14:52:57Z
23,4.079999924,45.79999924,2024-05-01T14:58:29Z
45,4.267000198,37.59999847,2024-05-01T15:32:18Z
24,3.213000059,45.70000076,2024-05-01T14:56:23Z
25,3.213000059,44.09999847,2024-05-01T15:11:35Z
44,4.267000198,37.40000153,2024-05-01T15:31:12Z
50,3.280999899,35.09999847,2024-05-01T14:21:35Z
29,3.213000059,44,2024-05-01T14:54:58Z
44,4.267000198,37.29999924,2024-05-01T15:30:22Z
50,3.263999939,35.20000076,2024-05-01T14:41:11Z
50,3.688999891,35,2024-05-01T14:21:09Z
44,4.21600008,37.40000153,2024-05-01T15:22:29Z
44,4.267000198,37.29999924,2024-05-01T15:27:41Z
50,3.263999939,35.29999924,2024-05-01T14:41:31Z
19,3.196000099,47.5,2024-05-01T15:05:33Z
50,3.280999899,35.09999847,2024-05-01T14:46:30Z
44,4.267000198,37.40000153,2024-05-01T15:31:28Z
26,3.213000059,44,2024-05-01T15:12:51Z
50,3.280999899,35.09999847,2024-05-01T14:26:13Z
51,3.280999899,35,2024-05-01T14:21:00Z
21,3.196000099,46.09999847,2024-05-01T15:03:57Z
51,4.572999954,34.90000153,2024-05-01T14:24:02Z
34,4.505000114,40.09999847,2024-05-01T15:14:26Z
50,3.263999939,35.20000076,2024-05-01T14:51:06Z
50,3.280999899,35,2024-05-01T14:21:19Z
50,3.280999899,35.20000076,2024-05-01T14:45:35Z
44,4.267000198,37.5,2024-05-01T15:31:43Z
19,3.196000099,46.90000153,2024-05-01T15:06:48Z
43,4.21600008,37.79999924,2024-05-01T15:20:28Z
23,3.196000099,45.70000076,2024-05-01T14:56:33Z
21,3.196000099,46.40000153,2024-05-01T15:08:09Z
44,4.25,37.09999847,2024-05-01T15:28:31Z
41,4.097000122,40,2024-05-01T14:53:42Z
41,3.74000001,38.59999847,2024-05-01T15:16:27Z
25,3.213000059,44.09999847,2024-05-01T15:11:20Z
45,4.267000198,37.09999847,2024-05-01T15:28:52Z
49,3.280999899,35.40000153,2024-05-01T14:44:00Z
25,3.621000051,44.40000153,2024-05-01T15:12:36Z
44,4.267000198,37.40000153,2024-05-01T15:31:33Z
50,3.263999939,35,2024-05-01T14:21:02Z
51,4.572999954,34.90000153,2024-05-01T14:23:52Z
44,3.74000001,37.40000153,2024-05-01T15:23:19Z
49,3.263999939,35.40000153,2024-05-01T14:44:55Z
49,3.280999899,35.40000153,2024-05-01T14:43:17Z
25,4.079999924,45.70000076,2024-05-01T14:56:13Z
22,3.196000099,45.79999924,2024-05-01T15:03:27Z
44,3.858999968,37.40000153,2024-05-01T15:26:46Z
23,3.196000099,45.20000076,2024-05-01T15:09:49Z
23,3.196000099,45.59999847,2024-05-01T14:57:29Z
19,3.196000099,47.29999924,2024-05-01T15:06:03Z
43,4.267000198,38.09999847,2024-05-01T15:33:23Z
44,3.74000001,37.40000153,2024-05-01T15:24:25Z
44,3.74000001,37.40000153,2024-05-01T15:22:14Z
20,3.196000099,47.5,2024-05-01T15:05:23Z
50,3.263999939,35.09999847,2024-05-01T14:40:56Z
50,4.046000004,35.09999847,2024-05-01T14:51:27Z
41,3.74000001,38.70000076,2024-05-01T15:16:42Z
50,4.572999954,35.09999847,2024-05-01T14:25:42Z
44,3.74000001,37.40000153,2024-05-01T15:25:00Z
41,4.21600008,38.59999847,2024-05-01T15:18:33Z
50,3.688999891,35.70000076,2024-05-01T14:52:37Z
49,3.280999899,35.40000153,2024-05-01T14:50:21Z
44,4.21600008,37.40000153,2024-05-01T15:24:00Z
21,3.196000099,46.70000076,2024-05-01T15:01:52Z
42,4.267000198,38.29999924,2024-05-01T15:34:39Z
23,3.213000059,45.20000076,2024-05-01T15:09:29Z
51,3.280999899,34.90000153,2024-05-01T14:20:52Z
50,3.263999939,35.09999847,2024-05-01T14:41:01Z
44,3.74000001,37.40000153,2024-05-01T15:23:30Z
21,3.196000099,45.79999924,2024-05-01T15:03:12Z
28,4.097000122,44.09999847,2024-05-01T14:55:08Z
25,3.213000059,44.09999847,2024-05-01T15:11:30Z
43,4.21600008,37.5,2024-05-01T15:21:44Z
50,3.263999939,35.40000153,2024-05-01T14:48:36Z
50,3.280999899,35.20000076,2024-05-01T14:41:21Z
42,4.097000122,39.20000076,2024-05-01T14:53:32Z
51,3.688999891,34.90000153,2024-05-01T14:20:36Z
50,3.280999899,35.09999847,2024-05-01T14:46:50Z
44,4.267000198,37.29999924,2024-05-01T15:30:27Z
22,3.196000099,46.29999924,2024-05-01T14:59:19Z
41,3.74000001,38.70000076,2024-05-01T15:16:52Z
25,4.097000122,44.29999924,2024-05-01T15:12:10Z
50,3.280999899,35.09999847,2024-05-01T14:46:20Z
44,4.267000198,37.40000153,2024-05-01T15:27:36Z
27,3.213000059,44.79999924,2024-05-01T14:55:33Z
50,3.263999939,35.29999924,2024-05-01T14:42:11Z
51,3.263999939,35,2024-05-01T14:20:12Z
51,4.164999962,34.90000153,2024-05-01T14:20:16Z
40,3.74000001,39.09999847,2024-05-01T15:15:11Z
50,4.572999954,35.20000076,2024-05-01T14:22:51Z
20,3.196000099,46.70000076,2024-05-01T15:07:19Z
50,4.572999954,35.09999847,2024-05-01T14:26:23Z
26,3.196000099,44.40000153,2024-05-01T15:12:15Z
23,3.196000099,45,2024-05-01T15:10:25Z
26,3.196000099,44.09999847,2024-05-01T15:12:46Z
49,3.280999899,35.40000153,2024-05-01T14:49:36Z
20,3.196000099,46.59999847,2024-05-01T15:07:34Z
51,3.280999899,34.90000153,2024-05-01T14:20:32Z
41,3.74000001,38.70000076,2024-05-01T15:18:03Z
50,3.280999899,35,2024-05-01T14:47:15Z
50,3.263999939,35.09999847,2024-05-01T14:26:43Z
51,4.572999954,34.90000153,2024-05-01T14:20:56Z
21,3.196000099,46.5,2024-05-01T15:04:33Z
44,3.74000001,37.40000153,2024-05-01T15:22:44Z
51,3.688999891,35,2024-05-01T14:20:06Z
50,3.263999939,35.40000153,2024-05-01T14:43:07Z
51,3.688999891,34.90000153,2024-05-01T14:20:42Z
45,4.267000198,37.90000153,2024-05-01T15:32:53Z
44,3.74000001,37.40000153,2024-05-01T15:25:20Z
28,3.910000086,42.59999847,2024-05-01T15:13:26Z
44,4.267000198,37.40000153,2024-05-01T15:27:06Z
44,3.74000001,37.29999924,2024-05-01T15:25:40Z
21,3.196000099,46.29999924,2024-05-01T15:08:19Z
42,4.097000122,39.59999847,2024-05-01T14:53:37Z
44,4.267000198,37.29999924,2024-05-01T15:30:12Z
51,3.263999939,34.90000153,2024-05-01T14:20:28Z
51,4.572999954,34.90000153,2024-05-01T14:23:42Z
45,3.688999891,37.90000153,2024-05-01T14:53:12Z
50,3.263999939,35.09999847,2024-05-01T14:47:40Z
40,3.74000001,38.70000076,2024-05-01T15:17:52Z
51,3.263999939,34.90000153,2024-05-01T14:24:22Z
51,3.688999891,34.90000153,2024-05-01T14:20:21Z
44,4.21600008,37.40000153,2024-05-01T15:24:40Z
42,3.74000001,37.59999847,2024-05-01T15:21:19Z
49,3.280999899,35.5,2024-05-01T14:50:01Z
50,3.280999899,35.29999924,2024-05-01T14:41:51Z
25,3.196000099,44.09999847,2024-05-01T15:11:25Z
44,4.097000122,38.20000076,2024-05-01T14:53:17Z
19,3.196000099,47.29999924,2024-05-01T15:05:58Z
23,3.213000059,45.70000076,2024-05-01T14:58:14Z
22,3.196000099,45.40000153,2024-05-01T15:09:04Z
43,3.74000001,37.70000076,2024-05-01T15:20:54Z
51,4.572999954,35,2024-05-01T14:20:08Z
51,4.572999954,34.90000153,2024-05-01T14:20:58Z
21,3.196000099,46.79999924,2024-05-01T15:04:53Z
25,3.213000059,44.09999847,2024-05-01T15:11:40Z
43,4.21600008,37.70000076,2024-05-01T15:20:49Z
49,3.280999899,35.29999924,2024-05-01T14:45:25Z
44,4.267000198,37.40000153,2024-05-01T15:30:57Z
51,3.280999899,34.90000153,2024-05-01T14:20:27Z
50,3.280999899,35,2024-05-01T14:21:16Z
22,3.213000059,46.29999924,2024-05-01T14:59:25Z
36,3.213000059,41.79999924,2024-05-01T14:54:08Z
20,3.196000099,46.70000076,2024-05-01T15:02:37Z
42,4.267000198,38.09999847,2024-05-01T15:35:04Z
44,4.743000031,37.20000076,2024-05-01T15:29:07Z
21,3.213000059,46.09999847,2024-05-01T15:08:29Z
43,4.21600008,37.70000076,2024-05-01T15:20:44Z
44,4.21600008,37.40000153,2024-05-01T15:24:30Z
22,3.196000099,46.29999924,2024-05-01T14:59:30Z
41,4.21600008,38.59999847,2024-05-01T15:18:28Z
44,4.21600008,37.40000153,2024-05-01T15:23:50Z
50,3.688999891,35.20000076,2024-05-01T14:21:37Z
43,4.267000198,38.09999847,2024-05-01T15:33:28Z
30,3.910000086,41.90000153,2024-05-01T15:13:46Z
41,3.74000001,38.79999924,2024-05-01T15:17:22Z
50,3.280999899,35.40000153,2024-05-01T14:43:12Z
25,3.196000099,44.40000153,2024-05-01T15:12:25Z
50,3.280999899,35.29999924,2024-05-01T14:48:25Z
51,3.280999899,35.40000153,2024-05-01T14:52:32Z
39,3.74000001,39.09999847,2024-05-01T15:15:06Z
51,3.280999899,34.90000153,2024-05-01T14:20:35Z
41,3.74000001,38.5,2024-05-01T15:16:22Z
44,3.74000001,37.40000153,2024-05-01T15:22:04Z
42,4.21600008,38.29999924,2024-05-01T15:19:08Z
50,3.263999939,34.90000153,2024-05-01T14:40:36Z
50,3.263999939,35,2024-05-01T14:21:17Z
44,4.267000198,37.40000153,2024-05-01T15:27:26Z
24,3.213000059,45.70000076,2024-05-01T14:56:18Z
50,3.688999891,35.09999847,2024-05-01T14:25:07Z
50,2.974999905,35.09999847,2024-05-01T14:51:42Z
50,4.572999954,35.09999847,2024-05-01T14:21:24Z
50,3.280999899,35.29999924,2024-05-01T14:48:20Z
19,3.196000099,47.5,2024-05-01T15:05:28Z
50,4.572999954,35.09999847,2024-05-01T14:26:58Z
23,3.213000059,45.70000076,2024-05-01T14:57:34Z
51,4.097000122,34.90000153,2024-05-01T14:23:37Z
23,3.213000059,45.70000076,2024-05-01T14:57:54Z
51,3.519000053,35,2024-05-01T14:51:52Z
23,3.213000059,45.59999847,2024-05-01T14:56:54Z
44,4.267000198,38,2024-05-01T15:33:13Z
24,3.196000099,44.29999924,2024-05-01T15:11:05Z
50,4.572999954,35.09999847,2024-05-01T14:21:28Z
20,3.196000099,46.90000153,2024-05-01T15:02:27Z
51,3.263999939,35,2024-05-01T14:20:11Z
45,4.267000198,37.79999924,2024-05-01T15:32:43Z
20,3.196000099,46.59999847,2024-05-01T15:02:42Z
51,3.280999899,34.90000153,2024-05-01T14:20:43Z
44,4.21600008,37.40000153,2024-05-01T15:24:35Z
23,3.196000099,45.20000076,2024-05-01T15:09:39Z
43,4.335000038,37.90000153,2024-05-01T15:35:34Z
26,3.213000059,43.59999847,2024-05-01T15:13:01Z
50,3.280999899,35.09999847,2024-05-01T14:25:57Z
21,3.196000099,46.20000076,2024-05-01T15:04:07Z
43,3.74000001,37.79999924,2024-05-01T15:20:18Z
21,3.196000099,46.70000076,2024-05-01T15:04:48Z
50,3.280999899,35.20000076,2024-05-01T14:35:33Z
50,3.280999899,35,2024-05-01T14:21:05Z
26,3.213000059,43.79999924,2024-05-01T15:12:56Z
51,4.572999954,34.90000153,2024-05-01T14:20:17Z
23,3.196000099,45.70000076,2024-05-01T14:58:24Z
39,4.21600008,38.79999924,2024-05-01T15:15:37Z
22,3.196000099,46.29999924,2024-05-01T14:59:45Z
44,4.743000031,37.29999924,2024-05-01T15:30:07Z
44,3.74000001,37.40000153,2024-05-01T15:25:05Z
50,4.572999954,35.29999924,2024-05-01T14:41:56Z
21,3.196000099,46.40000153,2024-05-01T15:07:59Z
44,3.74000001,37.29999924,2024-05-01T15:26:16Z
49,3.280999899,35.40000153,2024-05-01T14:50:16Z
44,4.267000198,37.40000153,2024-05-01T15:30:52Z
51,3.688999891,34.90000153,2024-05-01T14:20:44Z
51,3.280999899,35,2024-05-01T14:20:07Z
50,3.280999899,35.09999847,2024-05-01T14:26:33Z
23,4.079999924,45.70000076,2024-05-01T14:56:28Z
42,3.74000001,38,2024-05-01T15:19:38Z
23,3.213000059,45.59999847,2024-05-01T14:57:24Z
19,3.196000099,47.29999924,2024-05-01T15:06:13Z
50,3.280999899,35.29999924,2024-05-01T14:41:41Z
20,3.196000099,46.29999924,2024-05-01T15:02:52Z
50,4.572999954,35,2024-05-01T14:21:22Z
21,3.196000099,46.59999847,2024-05-01T15:04:43Z
23,3.196000099,44.59999847,2024-05-01T15:10:50Z
50,3.280999899,35.40000153,2024-05-01T14:49:11Z
43,4.097000122,38.79999924,2024-05-01T14:53:27Z
49,3.263999939,35.40000153,2024-05-01T14:43:45Z
29,4.097000122,42.09999847,2024-05-01T15:13:41Z
44,4.267000198,37.29999924,2024-05-01T15:30:32Z
37,4.097000122,41.40000153,2024-05-01T14:54:03Z
50,4.572999954,35.09999847,2024-05-01T14:26:28Z
50,3.280999899,35.09999847,2024-05-01T14:26:53Z
22,3.213000059,45.29999924,2024-05-01T15:09:09Z
49,3.263999939,35.40000153,2024-05-01T14:50:31Z
42,3.74000001,38,2024-05-01T15:19:58Z
41,3.74000001,38.40000153,2024-05-01T15:18:53Z
44,4.267000198,37.40000153,2024-05-01T15:30:42Z
50,3.450999975,35.09999847,2024-05-01T14:51:32Z
22,3.196000099,45.29999924,2024-05-01T15:09:14Z
42,4.21600008,38.09999847,2024-05-01T15:35:14Z
44,4.267000198,37.59999847,2024-05-01T15:32:08Z
43,3.74000001,37.70000076,2024-05-01T15:20:39Z
50,3.280999899,35.09999847,2024-05-01T14:21:33Z
49,3.280999899,35.40000153,2024-05-01T14:49:41Z
21,3.196000099,46.79999924,2024-05-01T15:01:57Z
50,3.280999899,35.09999847,2024-05-01T14:47:05Z
33,4.097000122,43,2024-05-01T14:54:28Z
50,3.280999899,35.20000076,2024-05-01T14:45:45Z
44,4.386000156,37.40000153,2024-05-01T15:26:31Z
23,3.213000059,45.59999847,2024-05-01T14:56:44Z
43,4.267000198,38.20000076,2024-05-01T15:34:03Z
50,3.280999899,35,2024-05-01T14:29:01Z
32,3.910000086,41.29999924,2024-05-01T15:14:01Z
51,3.280999899,35.09999847,2024-05-01T14:52:22Z
20,3.196000099,46.90000153,2024-05-01T15:02:07Z
23,3.213000059,44.79999924,2024-05-01T15:10:40Z
50,3.263999939,35.29999924,2024-05-01T14:42:26Z
44,4.267000198,37.29999924,2024-05-01T15:27:46Z
50,4.572999954,35,2024-05-01T14:24:37Z
41,3.74000001,38.5,2024-05-01T15:16:17Z
36,4.21600008,39.59999847,2024-05-01T15:14:41Z
50,3.280999899,35.09999847,2024-05-01T14:25:37Z
51,4.572999954,34.90000153,2024-05-01T14:20:51Z
50,3.280999899,35.29999924,2024-05-01T14:48:10Z
21,3.196000099,46.40000153,2024-05-01T15:04:28Z
40,3.74000001,38.70000076,2024-05-01T15:17:58Z
22,4.079999924,46,2024-05-01T15:03:42Z
32,4.097000122,43.20000076,2024-05-01T14:54:33Z
39,4.21600008,38.70000076,2024-05-01T15:15:42Z
44,4.335000038,37.40000153,2024-05-01T15:26:41Z
44,4.267000198,37.59999847,2024-05-01T15:31:58Z
44,4.21600008,37.40000153,2024-05-01T15:24:05Z
43,4.21600008,37.59999847,2024-05-01T15:21:29Z
51,4.572999954,34.90000153,2024-05-01T14:20:33Z
44,4.267000198,37.20000076,2024-05-01T15:29:22Z
44,4.21600008,37.40000153,2024-05-01T15:22:34Z
20,3.196000099,46.90000153,2024-05-01T15:02:12Z
25,3.213000059,44.29999924,2024-05-01T15:12:05Z
23,3.196000099,45.59999847,2024-05-01T14:57:19Z
44,3.74000001,37.40000153,2024-05-01T15:22:19Z
28,3.213000059,44.5,2024-05-01T14:55:23Z
43,4.267000198,38.20000076,2024-05-01T15:33:58Z
43,4.267000198,38.29999924,2024-05-01T15:34:34Z
23,3.196000099,44.90000153,2024-05-01T15:10:35Z
44,4.21600008,37.40000153,2024-05-01T15:23:35Z
40,3.621000051,38.79999924,2024-05-01T15:17:07Z
43,3.74000001,37.5,2024-05-01T15:21:49Z
51,3.263999939,34.90000153,2024-05-01T14:23:57Z
44,4.21600008,37.40000153,2024-05-01T15:24:15Z
41,4.21600008,38.70000076,2024-05-01T15:16:47Z
44,4.267000198,37.40000153,2024-05-01T15:26:21Z
43,4.21600008,37.79999924,2024-05-01T15:20:23Z
44,3.74000001,37.40000153,2024-05-01T15:22:54Z
44,3.74000001,37.40000153,2024-05-01T15:23:25Z
51,3.280999899,35,2024-05-01T14:21:01Z
19,3.196000099,47.09999847,2024-05-01T15:06:38Z
20,3.213000059,46.90000153,2024-05-01T15:02:17Z
44,4.21600008,37.40000153,2024-05-01T15:22:39Z
41,3.74000001,38.79999924,2024-05-01T15:17:27Z
44,4.267000198,37.40000153,2024-05-01T15:31:07Z
50,3.263999939,35.09999847,2024-05-01T14:22:56Z
45,4.267000198,37.20000076,2024-05-01T15:28:57Z
50,3.280999899,35.29999924,2024-05-01T14:41:26Z
20,3.196000099,47.09999847,2024-05-01T15:05:03Z
44,3.74000001,37.40000153,2024-05-01T15:24:55Z
50,3.280999899,35.29999924,2024-05-01T14:45:30Z
50,4.572999954,35,2024-05-01T14:21:21Z
50,3.280999899,35.09999847,2024-05-01T14:25:47Z
49,3.280999899,35.5,2024-05-01T14:49:51Z
50,3.280999899,35,2024-05-01T14:47:10Z
41,3.74000001,38.70000076,2024-05-01T15:18:18Z
43,4.267000198,38.20000076,2024-05-01T15:34:09Z
50,3.280999899,35.09999847,2024-05-01T14:21:23Z
44,3.74000001,37.40000153,2024-05-01T15:24:50Z
31,3.213000059,43.5,2024-05-01T14:54:38Z
18,3.196000099,47.40000153,2024-05-01T15:05:48Z
36,4.097000122,42,2024-05-01T14:54:13Z
50,3.621000051,35.20000076,2024-05-01T14:51:17Z
29,3.213000059,43.90000153,2024-05-01T14:54:53Z
44,4.267000198,37.20000076,2024-05-01T15:29:27Z
51,4.572999954,34.90000153,2024-05-01T14:23:47Z
44,3.74000001,37.40000153,2024-05-01T15:22:09Z
50,3.280999899,35.29999924,2024-05-01T14:48:46Z
51,3.280999899,34.90000153,2024-05-01T14:20:31Z
44,3.808000088,37.40000153,2024-05-01T15:27:01Z
44,4.267000198,37.20000076,2024-05-01T15:29:52Z
26,3.213000059,45.29999924,2024-05-01T14:55:48Z
50,3.280999899,35.09999847,2024-05-01T14:25:17Z
50,3.280999899,35.09999847,2024-05-01T14:46:35Z
51,3.280999899,34.90000153,2024-05-01T14:20:29Z
23,3.196000099,45.70000076,2024-05-01T14:57:44Z
23,3.213000059,45.70000076,2024-05-01T14:57:59Z
43,4.267000198,38.29999924,2024-05-01T15:34:29Z
50,4.572999954,35,2024-05-01T14:23:06Z
23,3.213000059,46,2024-05-01T14:58:49Z
50,3.263999939,35,2024-05-01T14:40:46Z
23,3.196000099,45.59999847,2024-05-01T14:58:04Z
51,4.572999954,34.90000153,2024-05-01T14:20:15Z
44,4.267000198,37.20000076,2024-05-01T15:29:37Z
50,3.280999899,35.09999847,2024-05-01T14:47:00Z
50,3.263999939,35.40000153,2024-05-01T14:42:57Z
50,3.263999939,35.29999924,2024-05-01T14:41:36Z
23,3.196000099,45.09999847,2024-05-01T15:10:05Z
51,4.572999954,34.90000153,2024-05-01T14:20:25Z
44,3.74000001,37.40000153,2024-05-01T15:24:20Z
50,3.280999899,35.40000153,2024-05-01T14:48:41Z
50,3.280999899,35,2024-05-01T14:47:20Z
41,3.74000001,38.70000076,2024-05-01T15:18:08Z
24,3.196000099,44.20000076,2024-05-01T15:11:10Z
22,3.196000099,45.70000076,2024-05-01T15:03:22Z
50,3.280999899,35.09999847,2024-05-01T14:46:55Z
51,4.572999954,34.90000153,2024-05-01T14:20:47Z
44,4.267000198,37.59999847,2024-05-01T15:32:13Z
25,3.196000099,44.20000076,2024-05-01T15:12:00Z
44,4.267000198,37.40000153,2024-05-01T15:31:17Z
41,3.74000001,38.70000076,2024-05-01T15:18:23Z
44,4.267000198,37.20000076,2024-05-01T15:28:06Z
51,3.450999975,35,2024-05-01T14:52:12Z
44,3.74000001,37.29999924,2024-05-01T15:26:11Z
44,4.267000198,37.20000076,2024-05-01T15:29:57Z
20,3.196000099,46.90000153,2024-05-01T15:04:58Z
44,4.267000198,37.40000153,2024-05-01T15:30:47Z
50,3.263999939,35.09999847,2024-05-01T14:40:51Z
50,3.621000051,35.20000076,2024-05-01T14:51:22Z
42,3.74000001,37.90000153,2024-05-01T15:20:08Z
42,3.74000001,38.20000076,2024-05-01T15:19:18Z
43,4.21600008,37.59999847,2024-05-01T15:21:34Z
43,4.267000198,38.29999924,2024-05-01T15:34:24Z
20,3.196000099,46.40000153,2024-05-01T15:07:54Z
51,3.688999891,34.90000153,2024-05-01T14:20:53Z
51,3.621000051,35.09999847,2024-05-01T14:51:47Z
45,4.267000198,37.79999924,2024-05-01T15:32:38Z
50,3.280999899,35.09999847,2024-05-01T14:21:30Z
50,3.280999899,35.40000153,2024-05-01T14:49:16Z
50,3.280999899,35,2024-05-01T14:21:13Z
42,3.74000001,38,2024-05-01T15:19:43Z
51,4.097000122,35.09999847,2024-05-01T14:52:17Z
21,3.213000059,45.5,2024-05-01T15:08:59Z
21,3.196000099,46.29999924,2024-05-01T15:04:17Z
43,3.74000001,37.70000076,2024-05-01T15:21:14Z
44,4.267000198,38,2024-05-01T15:33:18Z
50,4.572999954,35.09999847,2024-05-01T14:25:02Z
40,4.21600008,38.70000076,2024-05-01T15:15:47Z
33,3.621000051,40.59999847,2024-05-01T15:14:16Z
41,3.74000001,38.40000153,2024-05-01T15:18:58Z
20,3.196000099,46.70000076,2024-05-01T15:07:14Z
37,3.74000001,39.5,2024-05-01T15:14:46Z
44,3.74000001,37.40000153,2024-05-01T15:23:45Z
21,3.213000059,46,2024-05-01T15:03:02Z
51,4.572999954,34.90000153,2024-05-01T14:23:16Z
50,3.280999899,35.40000153,2024-05-01T14:48:56Z
27,3.213000059,43,2024-05-01T15:13:16Z
21,3.196000099,46.5,1970-01-01T05:30:04Z
26,3.213000059,45.09999847,2024-05-01T14:55:43Z
23,3.213000059,44.70000076,2024-05-01T15:10:45Z
51,3.688999891,34.90000153,2024-05-01T14:20:41Z
20,3.196000099,46.5,2024-05-01T15:07:39Z
21,4.079999924,46.20000076,2024-05-01T15:02:57Z
20,3.196000099,46.40000153,2024-05-01T15:07:44Z
44,4.267000198,37.40000153,2024-05-01T15:26:51Z
50,3.280999899,35,2024-05-01T14:29:21Z
43,4.267000198,38.20000076,2024-05-01T15:33:43Z
50,3.263999939,35.09999847,2024-05-01T14:25:12Z
49,3.263999939,35.40000153,2024-05-01T14:45:05Z
30,4.097000122,43.79999924,2024-05-01T14:54:48Z
18,3.196000099,47.5,2024-05-01T15:05:38Z
40,3.74000001,38.5,2024-05-01T15:16:12Z
21,3.196000099,45.90000153,2024-05-01T15:03:07Z
41,3.74000001,38.79999924,2024-05-01T15:17:32Z
44,4.21600008,37.40000153,2024-05-01T15:23:40Z
22,3.213000059,46.20000076,2024-05-01T14:59:04Z
49,3.621000051,36,2024-05-01T14:52:42Z
40,3.74000001,38.79999924,2024-05-01T15:17:12Z
21,3.196000099,46.40000153,2024-05-01T15:08:04Z
43,4.267000198,38.29999924,2024-05-01T15:34:19Z
25,3.213000059,45.70000076,2024-05-01T14:56:08Z
23,3.213000059,45.90000153,2024-05-01T14:58:39Z
50,3.688999891,35,2024-05-01T14:21:04Z
